Product Code,Title,Needs
HS9019LIL,Miniature Stick 2019,"Drag Flicking, Aerial, Reverse Stick Hitting, Power, Touch and Control, 3D, Playing Level, Bow, Carbon, Length, Player Type"
HS9019ORG,Miniature Stick 2019,"Drag Flicking, Aerial, Reverse Stick Hitting, Power, Touch and Control, 3D, Playing Level, Bow, Carbon, Length, Player Type"
HS9019SLV,Miniature Stick 2019,"Drag Flicking, Aerial, Reverse Stick Hitting, Power, Touch and Control, 3D, Playing Level, Bow, Carbon, Length, Player Type"
20251104_145506,MISSING_INVENTORY,54971638448510
20251104_145506,MISSING_INVENTORY,54971638415742
20251104_145506,MISSING_INVENTORY,54971638382974
20251104_145506,MISSING_INVENTORY,54971638350206
20251104_145506,MISSING_INVENTORY,54971638317438
20251104_145506,MISSING_INVENTORY,54971638284670
20251104_145506,MISSING_INVENTORY,
20251104_145506,MISSING_INVENTORY,
20251104_145506,MISSING_INVENTORY,
20251104_145506,MISSING_INVENTORY,
20251104_150543,MISSING_INVENTORY,54971638448510
20251104_150543,MISSING_INVENTORY,54971638415742
20251104_150543,MISSING_INVENTORY,54971638382974
20251104_150543,MISSING_INVENTORY,54971638350206
20251104_150543,MISSING_INVENTORY,54971638317438
20251104_150543,MISSING_INVENTORY,54971638284670
20251104_150543,MISSING_INVENTORY,
20251104_150543,MISSING_INVENTORY,
20251104_150543,MISSING_INVENTORY,
20251104_150543,MISSING_INVENTORY,
